,loss,acc,val_loss,val_acc
0,0.7169524274489711,0.7940314412117004,0.9835373147274632,0.782086193561554
