,loss,acc,val_loss,val_acc
0,0.568077204651112,0.8412098288536072,0.8244983810145838,0.859183669090271
