,val_loss,val_accuracy,loss,accuracy
0,3.8180107783838735,0.1657596379518509,2.7809325787487427,0.17558541893959045
